epoch,time,train/giou_loss,train/cls_loss,train/l1_loss,metrics/precision(B),metrics/recall(B),metrics/mAP50(B),metrics/mAP50-95(B),val/giou_loss,val/cls_loss,val/l1_loss,lr/pg0,lr/pg1,lr/pg2,lr/pg3,lr/pg4,lr/pg5,lr/pg6,lr/pg7
1,822.808,0.58221,0.50548,0.22943,0.76738,0.49939,0.59565,0.33815,0.57563,0.74342,0.33148,0.03,0.01,0.03,0.01,0.03,0.01,0.03,0.01
2,1642.28,0.57179,0.52919,0.23302,0.75324,0.56733,0.63328,0.38125,0.49132,0.62264,0.32328,0.029505,0.009835,0.029505,0.009835,0.029505,0.009835,0.029505,0.009835
3,2461.24,0.57349,0.52625,0.2322,0.73507,0.58006,0.60854,0.32228,0.60798,0.55008,0.34367,0.02901,0.00967,0.02901,0.00967,0.02901,0.00967,0.02901,0.00967
4,3282.6,0.57469,0.51718,0.22474,0.75238,0.63626,0.67321,0.40364,0.47523,0.60465,0.32558,0.028515,0.009505,0.028515,0.009505,0.028515,0.009505,0.028515,0.009505
5,4107.42,0.55531,0.52105,0.22883,0.78175,0.6224,0.67311,0.38476,0.52511,0.54862,0.32806,0.02802,0.00934,0.02802,0.00934,0.02802,0.00934,0.02802,0.00934
6,4939.3,0.54421,0.52287,0.22537,0.74964,0.62657,0.67978,0.40721,0.49774,0.55781,0.31361,0.027525,0.009175,0.027525,0.009175,0.027525,0.009175,0.027525,0.009175
7,5773.64,0.54054,0.52161,0.22296,0.73296,0.62747,0.66428,0.38863,0.5031,0.5825,0.30943,0.02703,0.00901,0.02703,0.00901,0.02703,0.00901,0.02703,0.00901
8,6608.41,0.52974,0.51735,0.21733,0.7954,0.65156,0.70644,0.44163,0.4469,0.56749,0.31204,0.026535,0.008845,0.026535,0.008845,0.026535,0.008845,0.026535,0.008845
9,7439.06,0.52395,0.51283,0.2126,0.77534,0.65829,0.70855,0.43978,0.44946,0.55044,0.30393,0.02604,0.00868,0.02604,0.00868,0.02604,0.00868,0.02604,0.00868
10,8273.02,0.51567,0.50416,0.20986,0.80349,0.6304,0.69723,0.43928,0.45022,0.55885,0.316,0.025545,0.008515,0.025545,0.008515,0.025545,0.008515,0.025545,0.008515
11,9107.16,0.52698,0.49952,0.21045,0.75413,0.66304,0.70671,0.44187,0.44921,0.56587,0.31495,0.02505,0.00835,0.02505,0.00835,0.02505,0.00835,0.02505,0.00835
12,9941.37,0.51319,0.50133,0.20721,0.77529,0.65945,0.70935,0.44477,0.43723,0.57632,0.31559,0.024555,0.008185,0.024555,0.008185,0.024555,0.008185,0.024555,0.008185
13,10779.7,0.51314,0.4955,0.20584,0.77082,0.6655,0.70406,0.43892,0.45594,0.54923,0.31104,0.02406,0.00802,0.02406,0.00802,0.02406,0.00802,0.02406,0.00802
14,11619.2,0.50749,0.49614,0.20671,0.78074,0.66432,0.70416,0.43409,0.46128,0.55483,0.3133,0.023565,0.007855,0.023565,0.007855,0.023565,0.007855,0.023565,0.007855
15,12457.9,0.50309,0.49187,0.19599,0.80104,0.65503,0.70797,0.44182,0.44615,0.57705,0.30332,0.02307,0.00769,0.02307,0.00769,0.02307,0.00769,0.02307,0.00769
16,13297.3,0.50019,0.489,0.20024,0.80618,0.63956,0.69943,0.4382,0.45676,0.56977,0.32392,0.022575,0.007525,0.022575,0.007525,0.022575,0.007525,0.022575,0.007525
17,14133.4,0.49863,0.48217,0.19579,0.79304,0.68559,0.72482,0.45719,0.43904,0.55519,0.32057,0.02208,0.00736,0.02208,0.00736,0.02208,0.00736,0.02208,0.00736
18,14970.2,0.47757,0.48355,0.19255,0.82202,0.66956,0.72827,0.46621,0.42978,0.56036,0.2956,0.021585,0.007195,0.021585,0.007195,0.021585,0.007195,0.021585,0.007195
19,15808.2,0.47946,0.4815,0.18801,0.81428,0.66855,0.72376,0.46455,0.4361,0.5553,0.30116,0.02109,0.00703,0.02109,0.00703,0.02109,0.00703,0.02109,0.00703
20,16656.7,0.46818,0.46572,0.18801,0.79681,0.67286,0.71781,0.45627,0.44165,0.57416,0.3061,0.020595,0.006865,0.020595,0.006865,0.020595,0.006865,0.020595,0.006865
21,17498.9,0.46681,0.47513,0.18601,0.82071,0.66867,0.73052,0.47152,0.42215,0.56799,0.2914,0.0201,0.0067,0.0201,0.0067,0.0201,0.0067,0.0201,0.0067
22,18338.2,0.47728,0.47545,0.18649,0.79601,0.68246,0.71924,0.46481,0.43225,0.57412,0.30581,0.019605,0.006535,0.019605,0.006535,0.019605,0.006535,0.019605,0.006535
23,19178.6,0.47272,0.47632,0.18472,0.79796,0.65451,0.69613,0.42938,0.47072,0.58023,0.32518,0.01911,0.00637,0.01911,0.00637,0.01911,0.00637,0.01911,0.00637
24,20020.8,0.47209,0.48053,0.18449,0.78447,0.65484,0.69703,0.44666,0.45089,0.59779,0.31153,0.018615,0.006205,0.018615,0.006205,0.018615,0.006205,0.018615,0.006205
25,20865.7,0.45407,0.4627,0.17957,0.76999,0.68149,0.71365,0.45412,0.45582,0.57638,0.32398,0.01812,0.00604,0.01812,0.00604,0.01812,0.00604,0.01812,0.00604
26,21711.8,0.44359,0.46577,0.17768,0.80378,0.67318,0.72545,0.46879,0.42758,0.58473,0.30823,0.017625,0.005875,0.017625,0.005875,0.017625,0.005875,0.017625,0.005875
27,22555.7,0.45474,0.46562,0.17512,0.8185,0.67357,0.72893,0.47075,0.43867,0.56234,0.30673,0.01713,0.00571,0.01713,0.00571,0.01713,0.00571,0.01713,0.00571
28,23401.6,0.44088,0.46268,0.17348,0.80333,0.67235,0.71829,0.4662,0.43915,0.57049,0.3052,0.016635,0.005545,0.016635,0.005545,0.016635,0.005545,0.016635,0.005545
29,24243.7,0.43637,0.46891,0.17299,0.79142,0.66255,0.71159,0.45854,0.44205,0.57734,0.30654,0.01614,0.00538,0.01614,0.00538,0.01614,0.00538,0.01614,0.00538
30,25087.7,0.4407,0.46174,0.16965,0.79793,0.69213,0.73157,0.47447,0.42961,0.56657,0.31038,0.015645,0.005215,0.015645,0.005215,0.015645,0.005215,0.015645,0.005215
31,25932.8,0.40661,0.44788,0.16129,0.82147,0.66701,0.72726,0.47241,0.43534,0.57506,0.31637,0.01515,0.00505,0.01515,0.00505,0.01515,0.00505,0.01515,0.00505
32,26784.3,0.408,0.44837,0.16189,0.82341,0.66187,0.71984,0.47461,0.43139,0.56881,0.30437,0.014655,0.004885,0.014655,0.004885,0.014655,0.004885,0.014655,0.004885
33,27639.8,0.40196,0.45668,0.16473,0.82451,0.64978,0.71729,0.47056,0.43171,0.56807,0.29882,0.01416,0.00472,0.01416,0.00472,0.01416,0.00472,0.01416,0.00472
34,28494.2,0.40722,0.44779,0.16145,0.83153,0.65579,0.71757,0.46723,0.43533,0.56617,0.31615,0.013665,0.004555,0.013665,0.004555,0.013665,0.004555,0.013665,0.004555
35,29340.1,0.40623,0.4409,0.15776,0.82135,0.67337,0.73263,0.4764,0.43689,0.55379,0.30544,0.01317,0.00439,0.01317,0.00439,0.01317,0.00439,0.01317,0.00439
36,30190.6,0.39904,0.4351,0.15777,0.81847,0.67835,0.73032,0.47705,0.42494,0.5593,0.29969,0.012675,0.004225,0.012675,0.004225,0.012675,0.004225,0.012675,0.004225
37,31035.3,0.38367,0.43324,0.15248,0.81513,0.67701,0.72713,0.47471,0.42915,0.57106,0.3014,0.01218,0.00406,0.01218,0.00406,0.01218,0.00406,0.01218,0.00406
38,31882.7,0.39136,0.43436,0.15568,0.80864,0.67604,0.72913,0.47535,0.4328,0.55926,0.31068,0.011685,0.003895,0.011685,0.003895,0.011685,0.003895,0.011685,0.003895
39,32733.6,0.38467,0.43048,0.14797,0.83183,0.679,0.73141,0.48037,0.43127,0.56228,0.31293,0.01119,0.00373,0.01119,0.00373,0.01119,0.00373,0.01119,0.00373
40,33586,0.37325,0.42937,0.14785,0.84045,0.65695,0.72889,0.48294,0.42994,0.56227,0.30365,0.010695,0.003565,0.010695,0.003565,0.010695,0.003565,0.010695,0.003565
41,34435.6,0.36653,0.42286,0.14563,0.82961,0.67722,0.73114,0.48281,0.42603,0.58981,0.30492,0.0102,0.0034,0.0102,0.0034,0.0102,0.0034,0.0102,0.0034
42,35284.6,0.34457,0.41958,0.14264,0.83404,0.67461,0.73167,0.48646,0.42245,0.56488,0.2996,0.009705,0.003235,0.009705,0.003235,0.009705,0.003235,0.009705,0.003235
43,36131.2,0.35221,0.41642,0.14007,0.81769,0.68725,0.73378,0.48454,0.42638,0.56975,0.30612,0.00921,0.00307,0.00921,0.00307,0.00921,0.00307,0.00921,0.00307
44,36977.9,0.33887,0.40894,0.13697,0.82463,0.69105,0.73784,0.48979,0.41966,0.5644,0.29909,0.008715,0.002905,0.008715,0.002905,0.008715,0.002905,0.008715,0.002905
45,37830.2,0.34187,0.40813,0.1368,0.83848,0.67807,0.73587,0.48964,0.42009,0.57389,0.29619,0.00822,0.00274,0.00822,0.00274,0.00822,0.00274,0.00822,0.00274
46,38683.6,0.33305,0.39792,0.13426,0.82637,0.68103,0.73384,0.48802,0.42309,0.57479,0.30117,0.007725,0.002575,0.007725,0.002575,0.007725,0.002575,0.007725,0.002575
47,39536.5,0.32113,0.39329,0.132,0.82283,0.68346,0.73132,0.48585,0.42489,0.57662,0.30137,0.00723,0.00241,0.00723,0.00241,0.00723,0.00241,0.00723,0.00241
48,40386.4,0.32769,0.39396,0.13275,0.82501,0.68492,0.73155,0.48798,0.42069,0.57591,0.29809,0.006735,0.002245,0.006735,0.002245,0.006735,0.002245,0.006735,0.002245
49,41245.8,0.31845,0.38958,0.12923,0.84025,0.67924,0.73442,0.48979,0.42331,0.5689,0.30359,0.00624,0.00208,0.00624,0.00208,0.00624,0.00208,0.00624,0.00208
50,42122.3,0.30266,0.38248,0.12511,0.84907,0.67972,0.73725,0.49199,0.41989,0.57014,0.29659,0.005745,0.001915,0.005745,0.001915,0.005745,0.001915,0.005745,0.001915
51,43011.2,0.26803,0.32115,0.10211,0.8463,0.68179,0.74076,0.49485,0.41727,0.57221,0.29282,0.00525,0.00175,0.00525,0.00175,0.00525,0.00175,0.00525,0.00175
